routes,canonical_bitstring,provider_bitstrings,counts,probability,one_hot,joint_feasible,assignment,weighted_cost,worst_case_regret,base_energy,transformed_energy,scenario_costs,scenario_regrets
"[0, 0, 1, 0, 0, 1, 0, 1, 0, 0, 1, 0, 1, 0, 0, 0, 0, 1]",001001010010100001,"[""100001010010100100""]",2,0.00048828125,True,True,"[2, 2, 1, 1, 0, 2]",0.3123059493060752,0.4063401323409187,0.3123059493060758,0.0035764676490107014,"{""degradation"": 0.2831477707740469, ""nominal"": 0.31294610277538754, ""surge"": 0.3408239743687912}","{""degradation"": 0.35461033261733077, ""nominal"": 0.244774006014658, ""surge"": 0.4063401323409187}"
"[0, 0, 1, 0, 1, 0, 0, 1, 0, 0, 0, 1, 0, 1, 0, 0, 0, 1]",001010010001010001,"[""100010100010010100""]",1,0.000244140625,True,True,"[2, 1, 1, 2, 1, 2]",0.3945777476337911,0.7078668109536744,0.39457774763379166,0.006543250345800584,"{""degradation"": 0.29922446614062637, ""nominal"": 0.4372019210891943, ""surge"": 0.44730685567155265}","{""degradation"": 0.43127741350042803, ""nominal"": 0.4966132472136609, ""surge"": 0.7078668109536744}"
"[0, 0, 1, 0, 1, 0, 1, 0, 0, 0, 1, 0, 0, 1, 0, 0, 0, 1]",001010100010010001,"[""100010010001010100""]",1,0.000244140625,True,True,"[2, 1, 0, 1, 1, 2]",0.26699176856781826,0.19882863268182072,0.26699176856781887,0.0019424043361126221,"{""degradation"": 0.24601089647842725, ""nominal"": 0.2874222502127334, ""surge"": 0.2675421590122943}","{""degradation"": 0.17751076828233375, ""nominal"": 0.19304276518358132, ""surge"": 0.19882863268182072}"
"[0, 0, 1, 1, 0, 0, 0, 0, 1, 0, 0, 1, 0, 0, 1, 0, 1, 0]",001100001001001010,"[""10100100100001100""]",1,0.000244140625,True,True,"[2, 0, 2, 2, 2, 1]",0.36456811110631887,0.5406980950867837,0.36456811110631904,0.005461080365365549,"{""degradation"": 0.3019532945081348, ""nominal"": 0.40347911368367434, ""surge"": 0.3882719251271476}","{""degradation"": 0.4442907412022623, ""nominal"": 0.4282645264587263, ""surge"": 0.5406980950867837}"
"[0, 0, 1, 1, 0, 0, 0, 1, 0, 0, 0, 1, 0, 0, 1, 0, 1, 0]",001100010001001010,"[""10100100010001100""]",1,0.000244140625,True,True,"[2, 0, 1, 2, 2, 1]",0.3633094543974741,0.5701601146620487,0.36330945439747453,0.005415692261289788,"{""degradation"": 0.269246155446731, ""nominal"": 0.4220058940324126, ""surge"": 0.3986763137132787}","{""degradation"": 0.2883158459456089, ""nominal"": 0.46581423936716726, ""surge"": 0.5701601146620487}"
"[0, 0, 1, 1, 0, 0, 0, 1, 0, 1, 0, 0, 1, 0, 0, 0, 1, 0]",001100010100100010,"[""10001001010001100""]",1,0.000244140625,True,False,"[2, 0, 1, 0, 0, 1]",0.23376721769714298,0.2593655756636237,0.23376721769714343,0.0007443021354156345,"{""degradation"": 0.2631754316009477, ""nominal"": 0.2090288307605033, ""surge"": 0.22909739072997803}","{""degradation"": 0.2593655756636237, ""nominal"": 0.03415652920881838, ""surge"": 0.08996490596462102}"
"[0, 0, 1, 1, 0, 0, 1, 0, 0, 0, 1, 0, 0, 0, 1, 1, 0, 0]",001100100010001100,"[""1100010001001100""]",1,0.000244140625,True,False,"[2, 0, 0, 1, 2, 0]",0.30122204522015295,0.3982743543699179,0.3012220452201533,0.0031767737621212037,"{""degradation"": 0.2923038931685648, ""nominal"": 0.2975886388438851, ""surge"": 0.313773603648009}","{""degradation"": 0.3982743543699179, ""nominal"": 0.21364780109535986, ""surge"": 0.3297418252807427}"
"[0, 1, 0, 0, 0, 1, 0, 0, 1, 0, 1, 0, 0, 1, 0, 1, 0, 0]",010001001010010100,"[""1010010100100010""]",1,0.000244140625,True,True,"[1, 2, 2, 1, 1, 0]",0.33730085342920363,0.5925506897279069,0.3373008534292038,0.0044778026212333386,"{""degradation"": 0.2512135259587114, ""nominal"": 0.354105582985188, ""surge"": 0.40658345134371154}","{""degradation"": 0.2023212412106763, ""nominal"": 0.32819522849619515, ""surge"": 0.5925506897279069}"
"[0, 1, 0, 0, 0, 1, 0, 1, 0, 0, 1, 0, 0, 1, 0, 1, 0, 0]",010001010010010100,"[""1010010010100010""]",1,0.000244140625,True,False,"[1, 2, 1, 1, 1, 0]",0.3479269018858163,0.6567003643909934,0.3479269018858169,0.004860985891042943,"{""degradation"": 0.22064487976899805, ""nominal"": 0.3938981861187364, ""surge"": 0.4292376397697145}","{""degradation"": 0.056544462060809875, ""nominal"": 0.40884609148578244, ""surge"": 0.6567003643909934}"
"[0, 1, 0, 0, 0, 1, 1, 0, 0, 1, 0, 0, 0, 0, 1, 1, 0, 0]",010001100100001100,"[""1100001001100010""]",1,0.000244140625,True,False,"[1, 2, 0, 0, 2, 0]",0.25846065022003284,0.4154832257331219,0.25846065022003334,0.0016347658158306323,"{""degradation"": 0.2959125056176385, ""nominal"": 0.2397165480007884, ""surge"": 0.2397528970416717}","{""degradation"": 0.4154832257331219, ""nominal"": 0.0963537890941063, ""surge"": 0.12013801348945394}"
"[0, 1, 0, 0, 1, 0, 0, 0, 1, 0, 0, 1, 0, 0, 1, 1, 0, 0]",010010001001001100,"[""1100100100010010""]",1,0.000244140625,True,True,"[1, 1, 2, 2, 2, 0]",0.2747026144011029,0.2576966562268518,0.27470261440110366,0.002220463214863265,"{""degradation"": 0.25913724867593907, ""nominal"": 0.2766394400188456, ""surge"": 0.2883311545085241}","{""degradation"": 0.24010815429231555, ""nominal"": 0.17118837820941554, ""surge"": 0.2576966562268518}"
"[0, 1, 0, 0, 1, 0, 0, 0, 1, 0, 1, 0, 0, 1, 0, 1, 0, 0]",010010001010010100,"[""1010010100010010""]",1,0.000244140625,True,False,"[1, 1, 2, 1, 1, 0]",0.3270878339726392,0.5648801009232306,0.32708783397263974,0.004109513486662359,"{""degradation"": 0.2178953889339675, ""nominal"": 0.3665564139668377, ""surge"": 0.39681169901711255}","{""degradation"": 0.043432598494941334, ""nominal"": 0.35343032709573713, ""surge"": 0.5648801009232306}"
"[0, 1, 0, 0, 1, 0, 1, 0, 0, 0, 1, 0, 1, 0, 0, 0, 0, 1]",010010100010100001,"[""100001010001010010""]",1,0.000244140625,True,False,"[1, 1, 0, 1, 0, 2]",0.2556069868778591,0.21644681604368274,0.2556069868778593,0.0015318605773635967,"{""degradation"": 0.23541443475920168, ""nominal"": 0.25764257933627255, ""surge"": 0.2737639465381032}","{""degradation"": 0.12697800833520292, ""nominal"": 0.1326859157542568, ""surge"": 0.21644681604368274}"
"[0, 1, 0, 1, 0, 0, 1, 0, 0, 0, 1, 0, 0, 0, 1, 1, 0, 0]",010100100010001100,"[""1100010001001010""]",1,0.000244140625,True,False,"[1, 0, 0, 1, 2, 0]",0.22277657486542057,0.23328460334473297,0.22277657486542077,0.00034797131923645436,"{""degradation"": 0.2577063848861739, ""nominal"": 0.20355978404572947, ""surge"": 0.20706355566435836}","{""degradation"": 0.23328460334473297, ""nominal"": 0.023071973222456986, ""surge"": 0.02757188069000088}"
"[0, 1, 0, 1, 0, 0, 1, 0, 0, 1, 0, 0, 0, 1, 0, 0, 1, 0]",010100100100010010,"[""10010001001001010""]",1,0.000244140625,True,False,"[1, 0, 0, 0, 1, 1]",0.2541773288093215,0.16839773272269323,0.2541773288093224,0.0014803060361201189,"{""degradation"": 0.24339462392955458, ""nominal"": 0.2623417481142462, ""surge"": 0.25679561438416365}","{""degradation"": 0.1650342005211742, ""nominal"": 0.14221009832671533, ""surge"": 0.16839773272269323}"
"[1, 0, 0, 0, 0, 1, 0, 1, 0, 0, 0, 1, 1, 0, 0, 0, 0, 1]",100001010001100001,"[""100001100010100001""]",1,0.000244140625,True,False,"[0, 2, 1, 2, 0, 2]",0.27659456202095944,0.41661986943191065,0.27659456202095956,0.0022886882637367907,"{""degradation"": 0.29615085399709007, ""nominal"": 0.26782819808948743, ""surge"": 0.26580463397630083}","{""degradation"": 0.41661986943191065, ""nominal"": 0.15332992689805483, ""surge"": 0.1939084976638737}"
"[1, 0, 0, 0, 0, 1, 1, 0, 0, 0, 0, 1, 1, 0, 0, 0, 1, 0]",100001100001100010,"[""10001100001100001""]",1,0.000244140625,True,False,"[0, 2, 0, 2, 0, 1]",0.2708190305948893,0.44156419805201474,0.27081903059489,0.0020804182727080785,"{""degradation"": 0.3013815523324127, ""nominal"": 0.24518559471556267, ""surge"": 0.26588994473669253}","{""degradation"": 0.44156419805201474, ""nominal"": 0.1074383450804686, ""surge"": 0.19415007142592938}"
"[1, 0, 0, 0, 0, 1, 1, 0, 0, 1, 0, 0, 1, 0, 0, 0, 0, 1]",100001100100100001,"[""100001001001100001""]",1,0.000244140625,True,False,"[0, 2, 0, 0, 0, 2]",0.42298018146083494,0.9773380423363002,0.42298018146083566,0.0075674633925258165,"{""degradation"": 0.4137305915905207, ""nominal"": 0.42685467316003795, ""surge"": 0.4283552796319463}","{""degradation"": 0.9773380423363002, ""nominal"": 0.4756416492447379, ""surge"": 0.6542017926165777}"
"[1, 0, 0, 0, 1, 0, 0, 0, 1, 1, 0, 0, 0, 0, 1, 0, 0, 1]",100010001100001001,"[""100100001100010001""]",1,0.000244140625,True,False,"[0, 1, 2, 0, 2, 2]",0.27731513848212835,0.41661986943191065,0.27731513848212846,0.002314672790879305,"{""degradation"": 0.29615085399709007, ""nominal"": 0.26782819808948743, ""surge"": 0.2679663633598076}","{""degradation"": 0.41661986943191065, ""nominal"": 0.15332992689805483, ""surge"": 0.2000298485617245}"
"[1, 0, 0, 0, 1, 0, 0, 0, 1, 1, 0, 0, 0, 1, 0, 0, 0, 1]",100010001100010001,"[""100010001100010001""]",1,0.000244140625,True,False,"[0, 1, 2, 0, 1, 2]",0.2802315309135959,0.30407757267019886,0.2802315309135968,0.0024198400873113616,"{""degradation"": 0.2725513090548211, ""nominal"": 0.28316643189892643, ""surge"": 0.28497685178704035}","{""degradation"": 0.30407757267019886, ""nominal"": 0.18441715658533292, ""surge"": 0.24819830544692706}"
"[1, 0, 0, 0, 1, 0, 0, 1, 0, 0, 1, 0, 0, 0, 1, 0, 1, 0]",100010010010001010,"[""10100010010010001""]",1,0.000244140625,True,False,"[0, 1, 1, 1, 2, 1]",0.3166162412680319,0.4617107483054078,0.31661624126803223,0.003731900007009091,"{""degradation"": 0.21425684152960667, ""nominal"": 0.3752140072209109, ""surge"": 0.3603778750535781}","{""degradation"": 0.026080972318891685, ""nominal"": 0.3709773663032616, ""surge"": 0.4617107483054078}"
"[1, 0, 0, 0, 1, 0, 1, 0, 0, 1, 0, 0, 0, 1, 0, 0, 1, 0]",100010100100010010,"[""10010001001010001""]",1,0.000244140625,True,False,"[0, 1, 0, 0, 1, 1]",0.25633905819282826,0.18676178541624566,0.2563390581928292,0.0015582596175476643,"{""degradation"": 0.24339462392955458, ""nominal"": 0.2623417481142462, ""surge"": 0.263280802534684}","{""degradation"": 0.1650342005211742, ""nominal"": 0.14221009832671533, ""surge"": 0.18676178541624566}"
"[1, 0, 0, 1, 0, 0, 0, 1, 0, 1, 0, 0, 1, 0, 0, 1, 0, 0]",100100010100100100,"[""1001001010001001""]",1,0.000244140625,True,False,"[0, 0, 1, 0, 0, 0]",0.40565477422087737,1.1035884437765755,0.40565477422087765,0.006942696224928489,"{""degradation"": 0.44020465608449255, ""nominal"": 0.40056094266058384, ""surge"": 0.3761987239175558}","{""degradation"": 1.1035884437765755, ""nominal"": 0.4223500349997588, ""surge"": 0.5065105128537201}"
"[1, 0, 0, 1, 0, 0, 1, 0, 0, 1, 0, 0, 0, 1, 0, 0, 0, 1]",100100100100010001,"[""100010001001001001""]",1,0.000244140625,True,False,"[0, 0, 0, 0, 1, 2]",0.3314466378544187,0.7507047711969106,0.3314466378544193,0.004266695220841224,"{""degradation"": 0.36620675191811897, ""nominal"": 0.2980396813568774, ""surge"": 0.3300934802882597}","{""degradation"": 0.7507047711969106, ""nominal"": 0.2145619651623785, ""surge"": 0.37595468258231424}"
