S,eta,T,rho,baseline_run_id,mixed_run_id,baseline_assignment,mixed_assignment,route_changed,validation_survival_delta,validation_worst_regret_improvement,final_survival_delta,final_worst_regret_improvement,effective_fraction_increase
3,0.25,3,0.1,B4-focused-s3-eta0p25-t3-rho0,B5-diversity-s3-eta0p25-t3-rho0p1,"[1,0,2,2]","[1,0,2,2]",False,0.0,0.0,0.0,0.0,0.0007867926858302621
3,0.25,3,0.25,B4-focused-s3-eta0p25-t3-rho0,B5-diversity-s3-eta0p25-t3-rho0p25,"[1,0,2,2]","[1,0,2,2]",False,0.0,0.0,0.0,0.0,0.001668336909282253
3,0.25,3,0.5,B4-focused-s3-eta0p25-t3-rho0,B5-diversity-s3-eta0p25-t3-rho0p5,"[1,0,2,2]","[1,0,2,2]",False,0.0,0.0,0.0,0.0,0.002522716237085776
3,0.25,5,0.1,B4-focused-s3-eta0p25-t5-rho0,B5-diversity-s3-eta0p25-t5-rho0p1,"[1,0,2,2]","[1,0,2,2]",False,0.0,0.0,0.0,0.0,0.004780458500945217
3,0.25,5,0.25,B4-focused-s3-eta0p25-t5-rho0,B5-diversity-s3-eta0p25-t5-rho0p25,"[1,0,2,2]","[1,0,2,2]",False,0.0,0.0,0.0,0.0,0.008822027404060018
3,0.25,5,0.5,B4-focused-s3-eta0p25-t5-rho0,B5-diversity-s3-eta0p25-t5-rho0p5,"[1,0,2,2]","[1,0,2,2]",False,0.0,0.0,0.0,0.0,0.011337567390609982
3,0.5,3,0.1,B4-focused-s3-eta0p5-t3-rho0,B5-diversity-s3-eta0p5-t3-rho0p1,"[1,0,2,2]","[1,0,2,2]",False,0.0,0.0,0.0,0.0,0.003191843712212039
3,0.5,3,0.25,B4-focused-s3-eta0p5-t3-rho0,B5-diversity-s3-eta0p5-t3-rho0p25,"[1,0,2,2]","[1,0,2,2]",False,0.0,0.0,0.0,0.0,0.006785623454431011
3,0.5,3,0.5,B4-focused-s3-eta0p5-t3-rho0,B5-diversity-s3-eta0p5-t3-rho0p5,"[1,0,2,2]","[1,0,2,2]",False,0.0,0.0,0.0,0.0,0.010288967102622837
3,0.5,5,0.1,B4-focused-s3-eta0p5-t5-rho0,B5-diversity-s3-eta0p5-t5-rho0p1,"[0,1,1,2]","[1,0,2,2]",True,0.0,0.1022463399210704,0.08333333333333337,0.16202285515653148,0.019024974500118197
3,0.5,5,0.25,B4-focused-s3-eta0p5-t5-rho0,B5-diversity-s3-eta0p5-t5-rho0p25,"[0,1,1,2]","[1,0,2,2]",True,0.0,0.1022463399210704,0.08333333333333337,0.16202285515653148,0.03546926964881103
3,0.5,5,0.5,B4-focused-s3-eta0p5-t5-rho0,B5-diversity-s3-eta0p5-t5-rho0p5,"[0,1,1,2]","[1,0,2,2]",True,0.0,0.1022463399210704,0.08333333333333337,0.16202285515653148,0.04590209431849346
3,1.0,3,0.1,B4-focused-s3-eta1-t3-rho0,B5-diversity-s3-eta1-t3-rho0p1,"[0,1,1,2]","[1,0,2,2]",True,0.0,0.1022463399210704,0.08333333333333337,0.16202285515653148,0.012670558431110979
3,1.0,3,0.25,B4-focused-s3-eta1-t3-rho0,B5-diversity-s3-eta1-t3-rho0p25,"[0,1,1,2]","[1,0,2,2]",True,0.0,0.1022463399210704,0.08333333333333337,0.16202285515653148,0.027148147200361405
3,1.0,3,0.5,B4-focused-s3-eta1-t3-rho0,B5-diversity-s3-eta1-t3-rho0p5,"[0,1,1,2]","[1,0,2,2]",True,0.0,0.1022463399210704,0.08333333333333337,0.16202285515653148,0.04152295593323718
3,1.0,5,0.1,B4-focused-s3-eta1-t5-rho0,B5-diversity-s3-eta1-t5-rho0p1,"[0,1,1,2]","[0,1,1,2]",False,0.0,0.0,0.0,0.0,-0.011358331890335194
3,1.0,5,0.25,B4-focused-s3-eta1-t5-rho0,B5-diversity-s3-eta1-t5-rho0p25,"[0,1,1,2]","[0,1,1,2]",False,0.0,0.0,0.0,0.0,-0.0055011858780470435
3,1.0,5,0.5,B4-focused-s3-eta1-t5-rho0,B5-diversity-s3-eta1-t5-rho0p5,"[0,1,1,2]","[1,0,2,2]",True,0.0,0.1022463399210704,0.08333333333333337,0.16202285515653148,0.03623185862978262
5,0.25,3,0.1,B4-focused-s5-eta0p25-t3-rho0,B5-diversity-s5-eta0p25-t3-rho0p1,"[1,0,2,2]","[1,0,2,2]",False,0.0,0.0,0.0,0.0,0.00047894220406197174
5,0.25,3,0.25,B4-focused-s5-eta0p25-t3-rho0,B5-diversity-s5-eta0p25-t3-rho0p25,"[1,0,2,2]","[1,0,2,2]",False,0.0,0.0,0.0,0.0,0.00101522063472137
5,0.25,3,0.5,B4-focused-s5-eta0p25-t3-rho0,B5-diversity-s5-eta0p25-t3-rho0p5,"[1,0,2,2]","[1,0,2,2]",False,0.0,0.0,0.0,0.0,0.0015346016071612345
5,0.25,5,0.1,B4-focused-s5-eta0p25-t5-rho0,B5-diversity-s5-eta0p25-t5-rho0p1,"[1,0,2,2]","[1,0,2,2]",False,0.0,0.0,0.0,0.0,0.002919364496835164
5,0.25,5,0.25,B4-focused-s5-eta0p25-t5-rho0,B5-diversity-s5-eta0p25-t5-rho0p25,"[1,0,2,2]","[1,0,2,2]",False,0.0,0.0,0.0,0.0,0.005380901035913155
5,0.25,5,0.5,B4-focused-s5-eta0p25-t5-rho0,B5-diversity-s5-eta0p25-t5-rho0p5,"[1,0,2,2]","[1,0,2,2]",False,0.0,0.0,0.0,0.0,0.006909459708975607
5,0.5,3,0.1,B4-focused-s5-eta0p5-t3-rho0,B5-diversity-s5-eta0p5-t3-rho0p1,"[1,0,2,2]","[1,0,2,2]",False,0.0,0.0,0.0,0.0,0.0019496468404365253
5,0.5,3,0.25,B4-focused-s5-eta0p5-t3-rho0,B5-diversity-s5-eta0p5-t3-rho0p25,"[1,0,2,2]","[1,0,2,2]",False,0.0,0.0,0.0,0.0,0.004140889501804357
5,0.5,3,0.5,B4-focused-s5-eta0p5-t3-rho0,B5-diversity-s5-eta0p5-t3-rho0p5,"[1,0,2,2]","[1,0,2,2]",False,0.0,0.0,0.0,0.0,0.006272521674093978
5,0.5,5,0.1,B4-focused-s5-eta0p5-t5-rho0,B5-diversity-s5-eta0p5-t5-rho0p1,"[1,0,2,2]","[1,0,2,2]",False,0.0,0.0,0.0,0.0,0.011906129068009252
5,0.5,5,0.25,B4-focused-s5-eta0p5-t5-rho0,B5-diversity-s5-eta0p5-t5-rho0p25,"[1,0,2,2]","[1,0,2,2]",False,0.0,0.0,0.0,0.0,0.022099743039127873
5,0.5,5,0.5,B4-focused-s5-eta0p5-t5-rho0,B5-diversity-s5-eta0p5-t5-rho0p5,"[1,0,2,2]","[1,0,2,2]",False,0.0,0.0,0.0,0.0,0.02850425433206083
5,1.0,3,0.1,B4-focused-s5-eta1-t3-rho0,B5-diversity-s5-eta1-t3-rho0p1,"[1,0,2,2]","[1,0,2,2]",False,0.0,0.0,0.0,0.0,0.007925139111510049
5,1.0,3,0.25,B4-focused-s5-eta1-t3-rho0,B5-diversity-s5-eta1-t3-rho0p25,"[1,0,2,2]","[1,0,2,2]",False,0.0,0.0,0.0,0.0,0.016929666103420615
5,1.0,3,0.5,B4-focused-s5-eta1-t3-rho0,B5-diversity-s5-eta1-t3-rho0p5,"[1,0,2,2]","[1,0,2,2]",False,0.0,0.0,0.0,0.0,0.02580905427535285
5,1.0,5,0.1,B4-focused-s5-eta1-t5-rho0,B5-diversity-s5-eta1-t5-rho0p1,"[1,0,2,2]","[1,0,2,2]",False,0.0,0.0,0.0,0.0,0.04550159171040258
5,1.0,5,0.25,B4-focused-s5-eta1-t5-rho0,B5-diversity-s5-eta1-t5-rho0p25,"[1,0,2,2]","[1,0,2,2]",False,0.0,0.0,0.0,0.0,0.08668826764004722
5,1.0,5,0.5,B4-focused-s5-eta1-t5-rho0,B5-diversity-s5-eta1-t5-rho0p5,"[1,0,2,2]","[1,0,2,2]",False,0.0,0.0,0.0,0.0,0.11392589025144417
8,0.25,3,0.1,B4-focused-s8-eta0p25-t3-rho0,B5-diversity-s8-eta0p25-t3-rho0p1,"[0,2,1,2]","[0,2,1,2]",False,0.0,0.0,0.0,0.0,0.00033439756865039083
8,0.25,3,0.25,B4-focused-s8-eta0p25-t3-rho0,B5-diversity-s8-eta0p25-t3-rho0p25,"[0,2,1,2]","[0,2,1,2]",False,0.0,0.0,0.0,0.0,0.0007092504768040353
8,0.25,3,0.5,B4-focused-s8-eta0p25-t3-rho0,B5-diversity-s8-eta0p25-t3-rho0p5,"[0,2,1,2]","[0,2,1,2]",False,0.0,0.0,0.0,0.0,0.0010727019173073504
8,0.25,5,0.1,B4-focused-s8-eta0p25-t5-rho0,B5-diversity-s8-eta0p25-t5-rho0p1,"[0,2,1,2]","[0,2,1,2]",False,0.0,0.0,0.0,0.0,0.0020811894347512183
8,0.25,5,0.25,B4-focused-s8-eta0p25-t5-rho0,B5-diversity-s8-eta0p25-t5-rho0p25,"[0,2,1,2]","[0,2,1,2]",False,0.0,0.0,0.0,0.0,0.0038378732993358255
8,0.25,5,0.5,B4-focused-s8-eta0p25-t5-rho0,B5-diversity-s8-eta0p25-t5-rho0p5,"[0,2,1,2]","[0,2,1,2]",False,0.0,0.0,0.0,0.0,0.0049270543856415605
8,0.5,3,0.1,B4-focused-s8-eta0p5-t3-rho0,B5-diversity-s8-eta0p5-t3-rho0p1,"[0,2,1,2]","[0,2,1,2]",False,0.0,0.0,0.0,0.0,0.0013866336510461874
8,0.5,3,0.25,B4-focused-s8-eta0p5-t3-rho0,B5-diversity-s8-eta0p5-t3-rho0p25,"[0,2,1,2]","[0,2,1,2]",False,0.0,0.0,0.0,0.0,0.0029481235735612232
8,0.5,3,0.5,B4-focused-s8-eta0p5-t3-rho0,B5-diversity-s8-eta0p5-t3-rho0p5,"[0,2,1,2]","[0,2,1,2]",False,0.0,0.0,0.0,0.0,0.004470024373424364
8,0.5,5,0.1,B4-focused-s8-eta0p5-t5-rho0,B5-diversity-s8-eta0p5-t5-rho0p1,"[0,2,1,2]","[0,2,1,2]",False,0.0,0.0,0.0,0.0,0.008880619333666462
8,0.5,5,0.25,B4-focused-s8-eta0p5-t5-rho0,B5-diversity-s8-eta0p5-t5-rho0p25,"[0,2,1,2]","[0,2,1,2]",False,0.0,0.0,0.0,0.0,0.01648595145579701
8,0.5,5,0.5,B4-focused-s8-eta0p5-t5-rho0,B5-diversity-s8-eta0p5-t5-rho0p5,"[0,2,1,2]","[0,2,1,2]",False,0.0,0.0,0.0,0.0,0.02124108177623707
8,1.0,3,0.1,B4-focused-s8-eta1-t3-rho0,B5-diversity-s8-eta1-t3-rho0p1,"[0,2,1,2]","[0,2,1,2]",False,0.0,0.0,0.0,0.0,0.0058827260636601375
8,1.0,3,0.25,B4-focused-s8-eta1-t3-rho0,B5-diversity-s8-eta1-t3-rho0p25,"[0,2,1,2]","[0,2,1,2]",False,0.0,0.0,0.0,0.0,0.01258508468008479
8,1.0,3,0.5,B4-focused-s8-eta1-t3-rho0,B5-diversity-s8-eta1-t3-rho0p5,"[0,2,1,2]","[0,2,1,2]",False,0.0,0.0,0.0,0.0,0.01921090708500539
8,1.0,5,0.1,B4-focused-s8-eta1-t5-rho0,B5-diversity-s8-eta1-t5-rho0p1,"[0,2,1,2]","[0,2,1,2]",False,0.0,0.0,0.0,0.0,0.037737800323715986
8,1.0,5,0.25,B4-focused-s8-eta1-t5-rho0,B5-diversity-s8-eta1-t5-rho0p25,"[0,2,1,2]","[0,2,1,2]",False,0.0,0.0,0.0,0.0,0.07177214491725736
8,1.0,5,0.5,B4-focused-s8-eta1-t5-rho0,B5-diversity-s8-eta1-t5-rho0p5,"[0,2,1,2]","[0,2,1,2]",False,0.0,0.0,0.0,0.0,0.09396161999740338
12,0.25,3,0.1,B4-focused-s12-eta0p25-t3-rho0,B5-diversity-s12-eta0p25-t3-rho0p1,"[0,2,1,2]","[0,2,1,2]",False,0.0,0.0,0.0,0.0,0.0002511426164616415
12,0.25,3,0.25,B4-focused-s12-eta0p25-t3-rho0,B5-diversity-s12-eta0p25-t3-rho0p25,"[0,2,1,2]","[0,2,1,2]",False,0.0,0.0,0.0,0.0,0.0005326702449311993
12,0.25,3,0.5,B4-focused-s12-eta0p25-t3-rho0,B5-diversity-s12-eta0p25-t3-rho0p5,"[0,2,1,2]","[0,2,1,2]",False,0.0,0.0,0.0,0.0,0.000805631214755631
12,0.25,5,0.1,B4-focused-s12-eta0p25-t5-rho0,B5-diversity-s12-eta0p25-t5-rho0p1,"[0,2,1,2]","[0,2,1,2]",False,0.0,0.0,0.0,0.0,0.0015680692753051728
12,0.25,5,0.25,B4-focused-s12-eta0p25-t5-rho0,B5-diversity-s12-eta0p25-t5-rho0p25,"[0,2,1,2]","[0,2,1,2]",False,0.0,0.0,0.0,0.0,0.002891029509800802
12,0.25,5,0.5,B4-focused-s12-eta0p25-t5-rho0,B5-diversity-s12-eta0p25-t5-rho0p5,"[0,2,1,2]","[0,2,1,2]",False,0.0,0.0,0.0,0.0,0.0037107210089347697
12,0.5,3,0.1,B4-focused-s12-eta0p5-t3-rho0,B5-diversity-s12-eta0p5-t3-rho0p1,"[0,2,1,2]","[0,2,1,2]",False,0.0,0.0,0.0,0.0,0.0010445167117643095
12,0.5,3,0.25,B4-focused-s12-eta0p5-t3-rho0,B5-diversity-s12-eta0p5-t3-rho0p25,"[0,2,1,2]","[0,2,1,2]",False,0.0,0.0,0.0,0.0,0.0022205640091215173
12,0.5,3,0.5,B4-focused-s12-eta0p5-t3-rho0,B5-diversity-s12-eta0p5-t3-rho0p5,"[0,2,1,2]","[0,2,1,2]",False,0.0,0.0,0.0,0.0,0.0033665192247259723
12,0.5,5,0.1,B4-focused-s12-eta0p5-t5-rho0,B5-diversity-s12-eta0p5-t5-rho0p1,"[0,2,1,2]","[0,2,1,2]",False,0.0,0.0,0.0,0.0,0.006764352672627649
12,0.5,5,0.25,B4-focused-s12-eta0p5-t5-rho0,B5-diversity-s12-eta0p5-t5-rho0p25,"[0,2,1,2]","[0,2,1,2]",False,0.0,0.0,0.0,0.0,0.012544113970515802
12,0.5,5,0.5,B4-focused-s12-eta0p5-t5-rho0,B5-diversity-s12-eta0p5-t5-rho0p5,"[0,2,1,2]","[0,2,1,2]",False,0.0,0.0,0.0,0.0,0.01614752845655798
12,1.0,3,0.1,B4-focused-s12-eta1-t3-rho0,B5-diversity-s12-eta1-t3-rho0p1,"[0,2,1,2]","[0,2,1,2]",False,0.0,0.0,0.0,0.0,0.004478073758134027
12,1.0,3,0.25,B4-focused-s12-eta1-t3-rho0,B5-diversity-s12-eta1-t3-rho0p25,"[0,2,1,2]","[0,2,1,2]",False,0.0,0.0,0.0,0.0,0.009574623789610048
12,1.0,3,0.5,B4-focused-s12-eta1-t3-rho0,B5-diversity-s12-eta1-t3-rho0p5,"[0,2,1,2]","[0,2,1,2]",False,0.0,0.0,0.0,0.0,0.01460586088754845
12,1.0,5,0.1,B4-focused-s12-eta1-t5-rho0,B5-diversity-s12-eta1-t5-rho0p1,"[0,2,1,2]","[0,2,1,2]",False,0.0,0.0,0.0,0.0,0.029978454696019452
12,1.0,5,0.25,B4-focused-s12-eta1-t5-rho0,B5-diversity-s12-eta1-t5-rho0p25,"[0,2,1,2]","[0,2,1,2]",False,0.0,0.0,0.0,0.0,0.056738910164202294
12,1.0,5,0.5,B4-focused-s12-eta1-t5-rho0,B5-diversity-s12-eta1-t5-rho0p5,"[0,2,1,2]","[0,2,1,2]",False,0.0,0.0,0.0,0.0,0.07397953594873863
