routes,amplitude,magnitude,phase,probability,bitstring
"[0, 0, 1, 0, 0, 1, 0, 0, 1, 0, 0, 1]",(0.11111111111111215+0j),0.11,0.00π,0.012345679012345909,100100100100
"[0, 0, 1, 0, 0, 1, 0, 0, 1, 1, 0, 0]",(0.11111111111111177+0j),0.11,0.00π,0.012345679012345826,001100100100
"[0, 0, 1, 0, 0, 1, 1, 0, 0, 0, 0, 1]",(0.11111111111111177+0j),0.11,0.00π,0.012345679012345826,100001100100
"[0, 0, 1, 1, 0, 0, 0, 0, 1, 0, 0, 1]",(0.11111111111111177+0j),0.11,0.00π,0.012345679012345826,100100001100
"[1, 0, 0, 0, 0, 1, 0, 0, 1, 0, 0, 1]",(0.11111111111111177+0j),0.11,0.00π,0.012345679012345826,100100100001
"[0, 1, 0, 0, 0, 1, 0, 0, 1, 0, 0, 1]",(0.11111111111111176+0j),0.11,0.00π,0.012345679012345822,100100100010
"[0, 0, 1, 0, 0, 1, 0, 0, 1, 0, 1, 0]",(0.11111111111111174+0j),0.11,0.00π,0.012345679012345819,010100100100
"[0, 0, 1, 0, 0, 1, 0, 1, 0, 0, 0, 1]",(0.11111111111111173+0j),0.11,0.00π,0.012345679012345817,100010100100
"[0, 0, 1, 0, 1, 0, 0, 0, 1, 0, 0, 1]",(0.11111111111111173+0j),0.11,0.00π,0.012345679012345817,100100010100
"[0, 0, 1, 0, 0, 1, 1, 0, 0, 1, 0, 0]",(0.1111111111111114+0j),0.11,0.00π,0.012345679012345743,001001100100
"[0, 0, 1, 1, 0, 0, 0, 0, 1, 1, 0, 0]",(0.1111111111111114+0j),0.11,0.00π,0.012345679012345743,001100001100
"[1, 0, 0, 0, 0, 1, 0, 0, 1, 1, 0, 0]",(0.1111111111111114+0j),0.11,0.00π,0.012345679012345743,001100100001
"[0, 0, 1, 1, 0, 0, 1, 0, 0, 0, 0, 1]",(0.1111111111111114+0j),0.11,0.00π,0.012345679012345743,100001001100
"[1, 0, 0, 0, 0, 1, 1, 0, 0, 0, 0, 1]",(0.1111111111111114+0j),0.11,0.00π,0.012345679012345743,100001100001
"[1, 0, 0, 1, 0, 0, 0, 0, 1, 0, 0, 1]",(0.1111111111111114+0j),0.11,0.00π,0.012345679012345743,100100001001
"[0, 1, 0, 1, 0, 0, 0, 0, 1, 0, 0, 1]",(0.1111111111111114+0j),0.11,0.00π,0.012345679012345743,100100001010
"[1, 0, 0, 0, 1, 0, 0, 0, 1, 0, 0, 1]",(0.1111111111111114+0j),0.11,0.00π,0.012345679012345743,100100010001
"[0, 1, 0, 0, 0, 1, 0, 0, 1, 1, 0, 0]",(0.11111111111111138+0j),0.11,0.00π,0.012345679012345739,001100100010
"[0, 1, 0, 0, 0, 1, 1, 0, 0, 0, 0, 1]",(0.11111111111111138+0j),0.11,0.00π,0.012345679012345739,100001100010
"[0, 0, 1, 1, 0, 0, 0, 1, 0, 0, 0, 1]",(0.11111111111111138+0j),0.11,0.00π,0.012345679012345739,100010001100
"[1, 0, 0, 0, 0, 1, 0, 1, 0, 0, 0, 1]",(0.11111111111111138+0j),0.11,0.00π,0.012345679012345739,100010100001
"[0, 0, 1, 0, 0, 1, 0, 1, 0, 1, 0, 0]",(0.11111111111111137+0j),0.11,0.00π,0.012345679012345736,001010100100
"[0, 0, 1, 0, 0, 1, 1, 0, 0, 0, 1, 0]",(0.11111111111111137+0j),0.11,0.00π,0.012345679012345736,010001100100
"[0, 0, 1, 1, 0, 0, 0, 0, 1, 0, 1, 0]",(0.11111111111111137+0j),0.11,0.00π,0.012345679012345736,010100001100
"[1, 0, 0, 0, 0, 1, 0, 0, 1, 0, 1, 0]",(0.11111111111111137+0j),0.11,0.00π,0.012345679012345736,010100100001
"[0, 0, 1, 0, 1, 0, 1, 0, 0, 0, 0, 1]",(0.11111111111111137+0j),0.11,0.00π,0.012345679012345736,100001010100
"[0, 0, 1, 0, 1, 0, 0, 0, 1, 1, 0, 0]",(0.11111111111111135+0j),0.11,0.00π,0.012345679012345734,001100010100
"[0, 1, 0, 0, 0, 1, 0, 0, 1, 0, 1, 0]",(0.11111111111111135+0j),0.11,0.00π,0.012345679012345734,010100100010
"[0, 1, 0, 0, 0, 1, 0, 1, 0, 0, 0, 1]",(0.11111111111111134+0j),0.11,0.00π,0.01234567901234573,100010100010
"[0, 1, 0, 0, 1, 0, 0, 0, 1, 0, 0, 1]",(0.11111111111111134+0j),0.11,0.00π,0.01234567901234573,100100010010
"[0, 0, 1, 0, 0, 1, 0, 1, 0, 0, 1, 0]",(0.11111111111111133+0j),0.11,0.00π,0.012345679012345727,010010100100
"[0, 0, 1, 0, 1, 0, 0, 0, 1, 0, 1, 0]",(0.11111111111111133+0j),0.11,0.00π,0.012345679012345727,010100010100
"[0, 0, 1, 0, 1, 0, 0, 1, 0, 0, 0, 1]",(0.11111111111111133+0j),0.11,0.00π,0.012345679012345727,100010010100
"[0, 0, 1, 1, 0, 0, 1, 0, 0, 1, 0, 0]",(0.11111111111111104+0j),0.11,0.00π,0.012345679012345663,001001001100
"[1, 0, 0, 0, 0, 1, 1, 0, 0, 1, 0, 0]",(0.11111111111111104+0j),0.11,0.00π,0.012345679012345663,001001100001
"[1, 0, 0, 1, 0, 0, 0, 0, 1, 1, 0, 0]",(0.11111111111111104+0j),0.11,0.00π,0.012345679012345663,001100001001
"[0, 1, 0, 1, 0, 0, 0, 0, 1, 1, 0, 0]",(0.11111111111111102+0j),0.11,0.00π,0.01234567901234566,001100001010
"[1, 0, 0, 0, 1, 0, 0, 0, 1, 1, 0, 0]",(0.11111111111111102+0j),0.11,0.00π,0.01234567901234566,001100010001
"[1, 0, 0, 1, 0, 0, 1, 0, 0, 0, 0, 1]",(0.11111111111111102+0j),0.11,0.00π,0.01234567901234566,100001001001
"[0, 1, 0, 0, 0, 1, 1, 0, 0, 1, 0, 0]",(0.11111111111111101+0j),0.11,0.00π,0.012345679012345656,001001100010
"[0, 0, 1, 1, 0, 0, 0, 1, 0, 1, 0, 0]",(0.11111111111111101+0j),0.11,0.00π,0.012345679012345656,001010001100
"[1, 0, 0, 0, 0, 1, 0, 1, 0, 1, 0, 0]",(0.11111111111111101+0j),0.11,0.00π,0.012345679012345656,001010100001
"[0, 1, 0, 1, 0, 0, 1, 0, 0, 0, 0, 1]",(0.11111111111111101+0j),0.11,0.00π,0.012345679012345656,100001001010
"[1, 0, 0, 0, 1, 0, 1, 0, 0, 0, 0, 1]",(0.11111111111111101+0j),0.11,0.00π,0.012345679012345656,100001010001
"[1, 0, 0, 1, 0, 0, 0, 1, 0, 0, 0, 1]",(0.11111111111111101+0j),0.11,0.00π,0.012345679012345656,100010001001
"[0, 0, 1, 1, 0, 0, 1, 0, 0, 0, 1, 0]",(0.111111111111111+0j),0.11,0.00π,0.012345679012345652,010001001100
"[1, 0, 0, 0, 0, 1, 1, 0, 0, 0, 1, 0]",(0.111111111111111+0j),0.11,0.00π,0.012345679012345652,010001100001
"[1, 0, 0, 1, 0, 0, 0, 0, 1, 0, 1, 0]",(0.111111111111111+0j),0.11,0.00π,0.012345679012345652,010100001001
"[0, 1, 0, 1, 0, 0, 0, 0, 1, 0, 1, 0]",(0.111111111111111+0j),0.11,0.00π,0.012345679012345652,010100001010
"[1, 0, 0, 0, 1, 0, 0, 0, 1, 0, 1, 0]",(0.111111111111111+0j),0.11,0.00π,0.012345679012345652,010100010001
"[0, 1, 0, 1, 0, 0, 0, 1, 0, 0, 0, 1]",(0.111111111111111+0j),0.11,0.00π,0.012345679012345652,100010001010
"[1, 0, 0, 0, 1, 0, 0, 1, 0, 0, 0, 1]",(0.111111111111111+0j),0.11,0.00π,0.012345679012345652,100010010001
"[0, 0, 1, 0, 1, 0, 1, 0, 0, 1, 0, 0]",(0.11111111111111098+0j),0.11,0.00π,0.01234567901234565,001001010100
"[0, 1, 0, 0, 0, 1, 1, 0, 0, 0, 1, 0]",(0.11111111111111098+0j),0.11,0.00π,0.01234567901234565,010001100010
"[0, 0, 1, 1, 0, 0, 0, 1, 0, 0, 1, 0]",(0.11111111111111098+0j),0.11,0.00π,0.01234567901234565,010010001100
"[1, 0, 0, 0, 0, 1, 0, 1, 0, 0, 1, 0]",(0.11111111111111098+0j),0.11,0.00π,0.01234567901234565,010010100001
"[0, 1, 0, 0, 0, 1, 0, 1, 0, 1, 0, 0]",(0.11111111111111097+0j),0.11,0.00π,0.012345679012345647,001010100010
"[0, 1, 0, 0, 1, 0, 0, 0, 1, 1, 0, 0]",(0.11111111111111097+0j),0.11,0.00π,0.012345679012345647,001100010010
"[0, 0, 1, 0, 1, 0, 1, 0, 0, 0, 1, 0]",(0.11111111111111097+0j),0.11,0.00π,0.012345679012345647,010001010100
"[0, 1, 0, 0, 1, 0, 1, 0, 0, 0, 0, 1]",(0.11111111111111097+0j),0.11,0.00π,0.012345679012345647,100001010010
"[0, 0, 1, 0, 1, 0, 0, 1, 0, 1, 0, 0]",(0.11111111111111095+0j),0.11,0.00π,0.012345679012345644,001010010100
"[0, 1, 0, 0, 1, 0, 0, 1, 0, 0, 0, 1]",(0.11111111111111095+0j),0.11,0.00π,0.012345679012345644,100010010010
"[0, 1, 0, 0, 0, 1, 0, 1, 0, 0, 1, 0]",(0.11111111111111094+0j),0.11,0.00π,0.01234567901234564,010010100010
"[0, 1, 0, 0, 1, 0, 0, 0, 1, 0, 1, 0]",(0.11111111111111094+0j),0.11,0.00π,0.01234567901234564,010100010010
"[0, 0, 1, 0, 1, 0, 0, 1, 0, 0, 1, 0]",(0.11111111111111092+0j),0.11,0.00π,0.012345679012345637,010010010100
"[1, 0, 0, 1, 0, 0, 1, 0, 0, 1, 0, 0]",(0.11111111111111065+0j),0.11,0.00π,0.012345679012345576,001001001001
"[0, 1, 0, 1, 0, 0, 1, 0, 0, 1, 0, 0]",(0.11111111111111063+0j),0.11,0.00π,0.012345679012345573,001001001010
"[1, 0, 0, 0, 1, 0, 1, 0, 0, 1, 0, 0]",(0.11111111111111063+0j),0.11,0.00π,0.012345679012345573,001001010001
"[1, 0, 0, 1, 0, 0, 0, 1, 0, 1, 0, 0]",(0.11111111111111063+0j),0.11,0.00π,0.012345679012345573,001010001001
"[1, 0, 0, 1, 0, 0, 1, 0, 0, 0, 1, 0]",(0.11111111111111063+0j),0.11,0.00π,0.012345679012345573,010001001001
"[0, 1, 0, 1, 0, 0, 0, 1, 0, 1, 0, 0]",(0.11111111111111062+0j),0.11,0.00π,0.012345679012345569,001010001010
"[1, 0, 0, 0, 1, 0, 0, 1, 0, 1, 0, 0]",(0.11111111111111062+0j),0.11,0.00π,0.012345679012345569,001010010001
"[0, 1, 0, 0, 1, 0, 1, 0, 0, 1, 0, 0]",(0.1111111111111106+0j),0.11,0.00π,0.012345679012345567,001001010010
"[0, 1, 0, 1, 0, 0, 1, 0, 0, 0, 1, 0]",(0.1111111111111106+0j),0.11,0.00π,0.012345679012345567,010001001010
"[1, 0, 0, 0, 1, 0, 1, 0, 0, 0, 1, 0]",(0.1111111111111106+0j),0.11,0.00π,0.012345679012345567,010001010001
"[1, 0, 0, 1, 0, 0, 0, 1, 0, 0, 1, 0]",(0.1111111111111106+0j),0.11,0.00π,0.012345679012345567,010010001001
"[0, 1, 0, 1, 0, 0, 0, 1, 0, 0, 1, 0]",(0.11111111111111059+0j),0.11,0.00π,0.012345679012345564,010010001010
"[1, 0, 0, 0, 1, 0, 0, 1, 0, 0, 1, 0]",(0.11111111111111059+0j),0.11,0.00π,0.012345679012345564,010010010001
"[0, 1, 0, 0, 1, 0, 0, 1, 0, 1, 0, 0]",(0.11111111111111056+0j),0.11,0.00π,0.012345679012345557,001010010010
"[0, 1, 0, 0, 1, 0, 1, 0, 0, 0, 1, 0]",(0.11111111111111056+0j),0.11,0.00π,0.012345679012345557,010001010010
"[0, 1, 0, 0, 1, 0, 0, 1, 0, 0, 1, 0]",(0.11111111111111055+0j),0.11,0.00π,0.012345679012345553,010010010010
